CVE_SUN,NOM_SUN
M01.01,Aguascalientes
M01.01,Aguascalientes
M01.01,Aguascalientes
M02.03,Tijuana
M02.03,Tijuana
M02.03,Tijuana
M02.02,Mexicali
M02.01,Ensenada
M03.01,La Paz
M04.01,Campeche
M05.01,La Laguna
M05.03,Piedras Negras
M05.02,Monclova-Frontera
M05.01,La Laguna
M05.01,La Laguna
M05.02,Monclova-Frontera
M05.03,Piedras Negras
M05.02,Monclova-Frontera
M05.04,Saltillo
M05.02,Monclova-Frontera
M05.04,Saltillo
M05.04,Saltillo
M06.01,Colima-Villa de Álvarez
M06.01,Colima-Villa de Álvarez
M06.01,Colima-Villa de Álvarez
M06.01,Colima-Villa de Álvarez
M06.02,Tecomán
M06.01,Colima-Villa de Álvarez
M06.02,Tecomán
M07.02,Tuxtla Gutiérrez
M07.02,Tuxtla Gutiérrez
M07.01,Tapachula
M07.02,Tuxtla Gutiérrez
M07.02,Tuxtla Gutiérrez
M07.02,Tuxtla Gutiérrez
M08.01,Chihuahua
M08.03,Hidalgo del Parral
M08.01,Chihuahua
M08.02,Delicias
M08.01,Chihuahua
M08.02,Delicias
M08.03,Hidalgo del Parral
M08.04,Juárez
M09.01,Valle de México
M09.01,Valle de México
M09.01,Valle de México
M09.01,Valle de México
M09.01,Valle de México
M09.01,Valle de México
M09.01,Valle de México
M09.01,Valle de México
M09.01,Valle de México
M09.01,Valle de México
M09.01,Valle de México
M09.01,Valle de México
M09.01,Valle de México
M09.01,Valle de México
M09.01,Valle de México
M09.01,Valle de México
M10.01,Durango
M05.01,La Laguna
M05.01,La Laguna
M11.05,San Francisco del Rincón
M11.01,Celaya
M11.03,León
M16.01,La Piedad-Pénjamo
M11.04,Moroleón-Uriangato
M11.05,San Francisco del Rincón
M11.01,Celaya
M11.03,León
M22.01,Querétaro
M11.01,Celaya
M11.04,Moroleón-Uriangato
M11.01,Celaya
M11.02,Guanajuato
M12.01,Acapulco
M12.02,Chilpancingo
M12.02,Chilpancingo
M12.01,Acapulco
M13.01,Pachuca
M13.03,Tulancingo
M13.01,Pachuca
M13.02,Tula
M13.03,Tulancingo
M13.02,Tula
M09.01,Valle de México
M13.02,Tula
M13.01,Pachuca
M13.01,Pachuca
M13.01,Pachuca
M13.03,Tulancingo
M13.02,Tula
M13.01,Pachuca
M13.02,Tula
M13.01,Pachuca
M14.01,Guadalajara
M14.02,Ocotlán
M14.01,Guadalajara
M14.02,Ocotlán
M14.01,Guadalajara
M14.01,Guadalajara
M14.01,Guadalajara
M14.02,Ocotlán
M14.01,Guadalajara
M14.01,Guadalajara
M14.01,Guadalajara
M14.01,Guadalajara
M14.01,Guadalajara
M14.03,Puerto Vallarta
M09.01,Valle de México
M09.01,Valle de México
M15.02,Toluca
M09.01,Valle de México
M09.01,Valle de México
M15.02,Toluca
M15.02,Toluca
M09.01,Valle de México
M09.01,Valle de México
M15.02,Toluca
M09.01,Valle de México
M09.01,Valle de México
M09.01,Valle de México
M09.01,Valle de México
M09.01,Valle de México
M15.02,Toluca
M09.01,Valle de México
M15.02,Toluca
M09.01,Valle de México
M15.01,Tianguistenco
M09.01,Valle de México
M15.01,Tianguistenco
M15.02,Toluca
M09.01,Valle de México
M09.01,Valle de México
M09.01,Valle de México
M09.01,Valle de México
M09.01,Valle de México
M15.02,Toluca
M09.01,Valle de México
M09.01,Valle de México
M09.01,Valle de México
M09.01,Valle de México
M15.01,Tianguistenco
M15.02,Toluca
M15.02,Toluca
M09.01,Valle de México
M15.02,Toluca
M15.02,Toluca
M15.01,Tianguistenco
M09.01,Valle de México
M09.01,Valle de México
M09.01,Valle de México
M09.01,Valle de México
M15.01,Tianguistenco
M09.01,Valle de México
M09.01,Valle de México
M09.01,Valle de México
M15.02,Toluca
M09.01,Valle de México
M09.01,Valle de México
M09.01,Valle de México
M09.01,Valle de México
M09.01,Valle de México
M09.01,Valle de México
M09.01,Valle de México
M09.01,Valle de México
M09.01,Valle de México
M09.01,Valle de México
M09.01,Valle de México
M15.02,Toluca
M09.01,Valle de México
M09.01,Valle de México
M09.01,Valle de México
M09.01,Valle de México
M09.01,Valle de México
M09.01,Valle de México
M09.01,Valle de México
M15.01,Tianguistenco
M09.01,Valle de México
M09.01,Valle de México
M09.01,Valle de México
M09.01,Valle de México
M09.01,Valle de México
M09.01,Valle de México
M09.01,Valle de México
M09.01,Valle de México
M15.02,Toluca
M15.02,Toluca
M09.01,Valle de México
M09.01,Valle de México
M16.02,Morelia
M16.02,Morelia
M16.03,Zamora
M16.02,Morelia
M16.03,Zamora
M16.01,La Piedad-Pénjamo
M17.01,Cuautla
M17.01,Cuautla
M17.01,Cuautla
M17.02,Cuernavaca
M17.01,Cuautla
M17.02,Cuernavaca
M17.02,Cuernavaca
M17.01,Cuautla
M17.02,Cuernavaca
M17.02,Cuernavaca
M17.02,Cuernavaca
M17.02,Cuernavaca
M17.01,Cuautla
M17.02,Cuernavaca
M14.03,Puerto Vallarta
M18.01,Tepic
M18.01,Tepic
M19.01,Monterrey
M19.01,Monterrey
M19.01,Monterrey
M19.01,Monterrey
M19.01,Monterrey
M19.01,Monterrey
M19.01,Monterrey
M19.01,Monterrey
M19.01,Monterrey
M19.01,Monterrey
M19.01,Monterrey
M19.01,Monterrey
M19.01,Monterrey
M19.01,Monterrey
M19.01,Monterrey
M19.01,Monterrey
M19.01,Monterrey
M19.01,Monterrey
M20.01,Oaxaca
M20.01,Oaxaca
M20.01,Oaxaca
M20.01,Oaxaca
M20.01,Oaxaca
M20.01,Oaxaca
M20.01,Oaxaca
M20.01,Oaxaca
M20.01,Oaxaca
M20.01,Oaxaca
M20.01,Oaxaca
M20.01,Oaxaca
M20.01,Oaxaca
M20.02,Tehuantepec
M20.01,Oaxaca
M20.01,Oaxaca
M20.02,Tehuantepec
M20.01,Oaxaca
M20.02,Tehuantepec
M20.01,Oaxaca
M20.01,Oaxaca
M20.01,Oaxaca
M20.02,Tehuantepec
M20.01,Oaxaca
M20.01,Oaxaca
M20.01,Oaxaca
M20.01,Oaxaca
M20.01,Oaxaca
M20.02,Tehuantepec
M21.01,Puebla-Tlaxcala
M21.01,Puebla-Tlaxcala
M21.01,Puebla-Tlaxcala
M21.03,Teziutlán
M21.01,Puebla-Tlaxcala
M21.01,Puebla-Tlaxcala
M21.01,Puebla-Tlaxcala
M21.01,Puebla-Tlaxcala
M21.01,Puebla-Tlaxcala
M21.01,Puebla-Tlaxcala
M21.01,Puebla-Tlaxcala
M21.01,Puebla-Tlaxcala
M21.01,Puebla-Tlaxcala
M21.02,Tehuacán
M21.01,Puebla-Tlaxcala
M21.01,Puebla-Tlaxcala
M21.01,Puebla-Tlaxcala
M21.01,Puebla-Tlaxcala
M21.01,Puebla-Tlaxcala
M21.01,Puebla-Tlaxcala
M21.03,Teziutlán
M21.01,Puebla-Tlaxcala
M21.02,Tehuacán
M22.01,Querétaro
M22.01,Querétaro
M22.01,Querétaro
M22.01,Querétaro
M23.02,Chetumal
M23.01,Cancún
M23.01,Cancún
M24.01,Rioverde
M24.02,San Luis Potosí
M24.02,San Luis Potosí
M24.01,Rioverde
M24.02,San Luis Potosí
M25.01,Culiacán
M25.02,Mazatlán
M26.01,Guaymas
M26.03,Nogales
M26.02,Hermosillo
M26.01,Guaymas
M27.01,Villahermosa
M27.01,Villahermosa
M28.04,Reynosa
M28.02,Matamoros
M28.05,Tampico
M28.04,Reynosa
M28.01,Ciudad Victoria
M28.05,Tampico
M28.05,Tampico
M28.03,Nuevo Laredo
M21.01,Puebla-Tlaxcala
M21.01,Puebla-Tlaxcala
M21.01,Puebla-Tlaxcala
M21.01,Puebla-Tlaxcala
M29.01,Tlaxcala-Apizaco
M21.01,Puebla-Tlaxcala
M21.01,Puebla-Tlaxcala
M29.01,Tlaxcala-Apizaco
M29.01,Tlaxcala-Apizaco
M21.01,Puebla-Tlaxcala
M21.01,Puebla-Tlaxcala
M21.01,Puebla-Tlaxcala
M21.01,Puebla-Tlaxcala
M29.01,Tlaxcala-Apizaco
M21.01,Puebla-Tlaxcala
M29.01,Tlaxcala-Apizaco
M29.01,Tlaxcala-Apizaco
M21.01,Puebla-Tlaxcala
M21.01,Puebla-Tlaxcala
M29.01,Tlaxcala-Apizaco
M21.01,Puebla-Tlaxcala
M29.01,Tlaxcala-Apizaco
M29.01,Tlaxcala-Apizaco
M21.01,Puebla-Tlaxcala
M29.01,Tlaxcala-Apizaco
M29.01,Tlaxcala-Apizaco
M29.01,Tlaxcala-Apizaco
M29.01,Tlaxcala-Apizaco
M29.01,Tlaxcala-Apizaco
M29.01,Tlaxcala-Apizaco
M21.01,Puebla-Tlaxcala
M29.01,Tlaxcala-Apizaco
M21.01,Puebla-Tlaxcala
M21.01,Puebla-Tlaxcala
M21.01,Puebla-Tlaxcala
M29.01,Tlaxcala-Apizaco
M29.01,Tlaxcala-Apizaco
M21.01,Puebla-Tlaxcala
M29.01,Tlaxcala-Apizaco
M30.04,Minatitlán
M30.08,Xalapa
M30.03,Córdoba
M30.08,Xalapa
M30.05,Orizaba
M30.05,Orizaba
M30.04,Minatitlán
M30.05,Orizaba
M30.05,Orizaba
M30.04,Minatitlán
M30.07,Veracruz
M30.01,Acayucan
M30.05,Orizaba
M30.05,Orizaba
M30.01,Acayucan
M30.08,Xalapa
M30.06,Poza Rica
M30.08,Xalapa
M30.04,Minatitlán
M30.04,Minatitlán
M30.06,Poza Rica
M30.03,Córdoba
M30.08,Xalapa
M30.07,Veracruz
M28.05,Tampico
M30.06,Poza Rica
M30.04,Minatitlán
M30.07,Veracruz
M30.06,Poza Rica
M30.05,Orizaba
M30.02,Coatzacoalcos
M30.08,Xalapa
M30.02,Coatzacoalcos
M30.08,Xalapa
M30.05,Orizaba
M30.05,Orizaba
M30.08,Xalapa
M30.03,Córdoba
M28.05,Tampico
M30.07,Veracruz
M30.05,Orizaba
M30.07,Veracruz
M30.05,Orizaba
M30.05,Orizaba
M30.02,Coatzacoalcos
M30.06,Poza Rica
M30.01,Acayucan
M30.08,Xalapa
M30.05,Orizaba
M30.03,Córdoba
M30.07,Veracruz
M31.01,Mérida
M31.01,Mérida
M31.01,Mérida
M31.01,Mérida
M31.01,Mérida
M31.01,Mérida
M31.01,Mérida
M31.01,Mérida
M31.01,Mérida
M31.01,Mérida
M31.01,Mérida
M32.01,Zacatecas-Guadalupe
M32.01,Zacatecas-Guadalupe
M32.01,Zacatecas-Guadalupe
M32.01,Zacatecas-Guadalupe
M32.01,Zacatecas-Guadalupe
P01.01,Calvillo
P01.02,Pabellón de Arteaga
C01.01,Rincón de Romos
C01.01,Rincón de Romos
C01.01,Rincón de Romos
P03.01,Ciudad Constitución
P03.02,Santa Rosalía
P03.03,Guerrero Negro
P03.04,San José del Cabo
P03.05,Cabo San Lucas
P03.06,Loreto_BS
P04.01,Calkiní
P04.02,Ciudad del Carmen
P04.03,Champotón
P04.04,Escárcega
P05.01,Ciudad Acuña
P05.02,Allende
P05.03,Ciudad Melchor Múzquiz
P05.04,Palaú
P05.05,Parras de la Fuente
P05.06,Sabinas
C05.01,Nueva Rosita-Cloete
C05.01,Nueva Rosita-Cloete
P05.07,San Pedro
C06.01,Manzanillo
C06.01,Manzanillo
P07.01,Acala
P07.02,Arriaga
C07.01,Cacahoatán
P07.03,Cintalapa de Figueroa
P07.04,Comitán de Domínguez
C07.02,Frontera Comalapa
C07.02,Frontera Comalapa
C07.02,Frontera Comalapa
C07.02,Frontera Comalapa
C07.03,Huehuetán
C07.03,Huehuetán
C07.04,Huixtla
C07.04,Huixtla
P07.05,Mapastepec
P07.06,Las Margaritas
P07.07,Motozintla de Mendoza
P07.08,Ocosingo
P07.09,Ocozocoautla de Espinosa
P07.10,Palenque
C07.05,Pichucalco
C07.05,Pichucalco
P07.11,Pijijiapan
P07.12,Reforma
P07.13,Las Rosas
C07.06,San Cristóbal de las Casas
C07.06,San Cristóbal de las Casas
C07.06,San Cristóbal de las Casas
C07.06,San Cristóbal de las Casas
C07.06,San Cristóbal de las Casas
C07.07,Teopisca
C07.07,Teopisca
P07.14,Tonalá
C07.01,Cacahoatán
C07.04,Huixtla
C07.04,Huixtla
C07.04,Huixtla
C07.04,Huixtla
C07.04,Huixtla
P07.15,Venustiano Carranza
P07.16,Villaflores
C07.08,Yajalón
C07.08,Yajalón
P08.01,Ascensión
P08.02,Santa Rosalía de Camargo
P08.03,Cuauhtémoc
P08.04,Guachochi
P08.05,José Mariano Jiménez
P08.06,Madera
P08.07,Nuevo Casas Grandes
P08.08,Manuel Ojinaga
P10.01,Guadalupe Victoria
P10.02,El Salto
P10.03,Santiago Papasquiaro
P10.04,Vicente Guerrero
C11.01,Abasolo
C11.01,Abasolo
C11.01,Abasolo
P11.01,Acámbaro
C11.02,San Miguel de Allende
C11.02,San Miguel de Allende
C11.02,San Miguel de Allende
C11.02,San Miguel de Allende
C11.02,San Miguel de Allende
C11.02,San Miguel de Allende
C11.02,San Miguel de Allende
C11.02,San Miguel de Allende
C11.02,San Miguel de Allende
C11.03,Apaseo el Grande
C11.03,Apaseo el Grande
P11.02,Ciudad Manuel Doblado
C11.04,Dolores Hidalgo
C11.04,Dolores Hidalgo
C11.04,Dolores Hidalgo
C11.04,Dolores Hidalgo
C11.05,Irapuato
C11.05,Irapuato
C11.05,Irapuato
C11.05,Irapuato
C11.05,Irapuato
C11.05,Irapuato
C11.05,Irapuato
C11.05,Irapuato
C11.05,Irapuato
C11.05,Irapuato
P11.03,Jaral del Progreso
P11.04,Romita
C11.06,Salamanca
C11.06,Salamanca
C11.06,Salamanca
C11.07,Salvatierra
C11.07,Salvatierra
P11.05,San Felipe
C11.08,San José Iturbide
C11.08,San José Iturbide
C11.09,San Luis de la Paz
C11.09,San Luis de la Paz
C11.09,San Luis de la Paz
C11.10,Juventino Rosas
C11.10,Juventino Rosas
P11.06,Valle de Santiago
P11.07,Yuriria
P12.01,Arcelia
C12.01,Atoyac de Álvarez
C12.01,Atoyac de Álvarez
P12.02,Ayutla de los Libres
P12.03,Chilapa de Álvarez
P12.04,Ciudad de Huitzuco
C12.02,Iguala de la Independencia
C12.02,Iguala de la Independencia
C12.02,Iguala de la Independencia
P12.05,Zihuatanejo
P12.06,Ometepec
P12.07,Petatlán
C12.03,Ciudad Altamirano-Riva Palacio
C12.03,Ciudad Altamirano-Riva Palacio
C12.03,Ciudad Altamirano-Riva Palacio
P12.08,Taxco de Alarcón
C12.04,Técpan de Galeana
C12.04,Técpan de Galeana
P12.09,Teloloapan
P12.10,Tixtla de Guerrero
C12.05,Tlapa de Comonfort
C12.05,Tlapa de Comonfort
C12.05,Tlapa de Comonfort
C12.05,Tlapa de Comonfort
C12.05,Tlapa de Comonfort
C13.01,Actopan
C13.01,Actopan
C13.01,Actopan
C13.08,Tetepango-Ajacuba
C13.02,Apan
C13.02,Apan
C13.02,Apan
C13.01,Actopan
C13.03,Huejutla de Reyes
C13.03,Huejutla de Reyes
C13.03,Huejutla de Reyes
C13.03,Huejutla de Reyes
C13.03,Huejutla de Reyes
C13.03,Huejutla de Reyes
C13.03,Huejutla de Reyes
C13.03,Huejutla de Reyes
C13.03,Huejutla de Reyes
C13.04,Ixmiquilpan
C13.04,Ixmiquilpan
C13.05,Mixquiahuala-Progreso
C13.05,Mixquiahuala-Progreso
C13.01,Actopan
C13.06,Ciudad Sahagún-Tepeapulco
C13.06,Ciudad Sahagún-Tepeapulco
C13.07,Tepeji de Ocampo
C13.07,Tepeji de Ocampo
C13.07,Tepeji de Ocampo
C13.07,Tepeji de Ocampo
C13.08,Tetepango-Ajacuba
C13.09,Tezontepec de Aldama
C13.09,Tezontepec de Aldama
C13.09,Tezontepec de Aldama
C13.09,Tezontepec de Aldama
C13.09,Tezontepec de Aldama
C13.09,Tezontepec de Aldama
C13.09,Tezontepec de Aldama
C13.06,Ciudad Sahagún-Tepeapulco
P13.01,Zacualtipán
P13.02,Zimapán
P14.01,Ahualulco de Mercado
P14.02,Ameca
P14.03,Arandas
P14.04,Atotonilco el Alto
P14.05,Autlán de Navarro
C16.08,Yurécuaro-La Ribera
C14.01,La Barca-Briseñas
P14.06,Cihuatlán
P14.07,Ciudad Guzmán
P14.08,Chapala
C14.02,Ajijic
C14.02,Ajijic
P14.09,Encarnación de Díaz
P14.10,El Grullo
P14.11,Jalostotitlán
C14.03,Jocotepec
C14.03,Jocotepec
P14.12,Lagos de Moreno
P14.13,Magdalena
P14.14,San Juan de los Lagos
C14.04,San Julián
C14.04,San Julián
P14.15,San Miguel el Alto
P14.16,Sayula
P14.17,Tala
C14.05,Tamazula de Gordiano
C14.05,Tamazula de Gordiano
P14.18,Teocaltiche
P14.19,Tepatitlán de Morelos
P14.20,Tequila
P14.21,Tizapán el Alto
P14.22,Tuxpan
P14.23,Villa Hidalgo
P14.24,Zacoalco de Torres
P14.25,Zapotiltic
C15.01,Atlacomulco de Fabela
C15.01,Atlacomulco de Fabela
C15.01,Atlacomulco de Fabela
C15.02,San Felipe Coamango-San Juan Tuxtepec
C15.02,San Felipe Coamango-San Juan Tuxtepec
C15.02,San Felipe Coamango-San Juan Tuxtepec
C15.02,San Felipe Coamango-San Juan Tuxtepec
C15.03,Ixtapan de la Sal
C15.03,Ixtapan de la Sal
C15.05,Santo Domingo de Guzmán
C15.04,Los Baños
C15.05,Santo Domingo de Guzmán
C15.04,Los Baños
C15.05,Santo Domingo de Guzmán
C15.05,Santo Domingo de Guzmán
C15.04,Los Baños
C15.05,Santo Domingo de Guzmán
C15.05,Santo Domingo de Guzmán
C15.04,Los Baños
C15.06,San Nicolás Guadalupe
C15.06,San Nicolás Guadalupe
C15.06,San Nicolás Guadalupe
C15.06,San Nicolás Guadalupe
C15.06,San Nicolás Guadalupe
C15.06,San Nicolás Guadalupe
C15.07,Tejupilco de Hidalgo
C15.07,Tejupilco de Hidalgo
C15.07,Tejupilco de Hidalgo
C15.07,Tejupilco de Hidalgo
C15.07,Tejupilco de Hidalgo
C15.07,Tejupilco de Hidalgo
C15.07,Tejupilco de Hidalgo
C15.07,Tejupilco de Hidalgo
C15.08,Temascalcingo de José María Velasco
C15.08,Temascalcingo de José María Velasco
C15.08,Temascalcingo de José María Velasco
C15.09,Tenancingo de Degollado
C15.09,Tenancingo de Degollado
C15.09,Tenancingo de Degollado
C15.09,Tenancingo de Degollado
C15.09,Tenancingo de Degollado
C15.09,Tenancingo de Degollado
C15.09,Tenancingo de Degollado
C15.09,Tenancingo de Degollado
C15.09,Tenancingo de Degollado
C15.09,Tenancingo de Degollado
C15.09,Tenancingo de Degollado
C15.09,Tenancingo de Degollado
C15.09,Tenancingo de Degollado
C15.09,Tenancingo de Degollado
C15.09,Tenancingo de Degollado
C15.09,Tenancingo de Degollado
C15.09,Tenancingo de Degollado
C15.10,Valle de Bravo
C15.10,Valle de Bravo
C15.10,Valle de Bravo
P16.01,Apatzingán de la Constitución
P16.02,Ario de Rosales
C14.01,La Barca-Briseñas
C14.01,La Barca-Briseñas
P16.03,Cherán
C16.01,Ciudad Hidalgo
C16.01,Ciudad Hidalgo
C16.01,Ciudad Hidalgo
P16.04,Huetamo de Núñez
C16.02,Jiquilpan de Juárez
C16.06,Sahuayo de Morelos
P16.05,Maravatío de Ocampo
C16.03,Ciudad Lázaro Cárdenas
C16.03,Ciudad Lázaro Cárdenas
P16.06,La Mira
P16.07,Nueva Italia de Ruíz
P16.08,Nuevo San Juan Parangaricutiro
P16.09,Paracho de Verduzco
C16.04,Pátzcuaro
C16.04,Pátzcuaro
C16.04,Pátzcuaro
P16.10,Peribán de Ramos
P16.11,Puruándiro
P16.12,Quiroga
C16.05,Los Reyes de Salgado
C16.05,Los Reyes de Salgado
C16.06,Sahuayo de Morelos
C16.02,Jiquilpan de Juárez
C16.02,Jiquilpan de Juárez
C12.03,Ciudad Altamirano-Riva Palacio
P16.13,Tacámbaro de Codallos
P16.14,Tangancícuaro de Arista
P16.15,Tepalcatepec
C16.07,Uruapan
C16.07,Uruapan
C16.07,Uruapan
C16.07,Uruapan
C16.07,Uruapan
C16.07,Uruapan
C16.08,Yurécuaro-La Ribera
P16.16,Zacapu
C16.09,Zinapécuaro de Figueroa
C16.09,Zinapécuaro de Figueroa
C16.10,Zitácuaro
C16.10,Zitácuaro
C16.10,Zitácuaro
C17.01,Axochiapan
C17.01,Axochiapan
C17.03,Jojutla-Tlaquiltenango
P17.01,Puente de Ixtla
C17.02,Xoxocotla
C17.02,Xoxocotla
C17.03,Jojutla-Tlaquiltenango
C17.03,Jojutla-Tlaquiltenango
C17.03,Jojutla-Tlaquiltenango
C17.03,Jojutla-Tlaquiltenango
C17.04,Zacatepec de Hidalgo
C17.04,Zacatepec de Hidalgo
C18.01,Acaponeta
C18.01,Acaponeta
P18.01,Compostela
C18.02,La Peñita de Jaltemba
P18.02,Las Varas
C18.02,La Peñita de Jaltemba
P18.03,Ixtlán del Río
C18.03,Tuxpan
P18.04,Ruíz
P18.05,Santiago Ixcuintla
P18.06,Tecuala
C18.03,Tuxpan
P19.01,Ciudad de Allende
P19.02,Anáhuac
P19.03,Linares
P19.04,Montemorelos
P19.05,Ciudad Sabinas Hidalgo
P20.01,Asunción Nochixtlán
C20.01,Ciudad Ixtepec
C20.01,Ciudad Ixtepec
P20.02,Huajuapan de León
C20.02,Juchitán de Zaragoza
C20.02,Juchitán de Zaragoza
C20.02,Juchitán de Zaragoza
C20.02,Juchitán de Zaragoza
C20.02,Juchitán de Zaragoza
C20.02,Juchitán de Zaragoza
C20.02,Juchitán de Zaragoza
P20.03,Loma Bonita
C20.03,Matías Romero Avendaño
P20.04,Miahuatlán de Porfirio Díaz
C20.04,Ocotlán de Morelos
C20.04,Ocotlán de Morelos
C20.05,San Francisco Telixtlahuaca-San Pablo Huitzo
C20.06,San Juan Bautista Tuxtepec
C20.06,San Juan Bautista Tuxtepec
C20.06,San Juan Bautista Tuxtepec
C20.06,San Juan Bautista Tuxtepec
C20.06,San Juan Bautista Tuxtepec
C20.06,San Juan Bautista Tuxtepec
C20.06,San Juan Bautista Tuxtepec
C20.05,San Francisco Telixtlahuaca-San Pablo Huitzo
C20.05,San Francisco Telixtlahuaca-San Pablo Huitzo
C20.07,Puerto Escondido-Zicatela
C20.08,Tlaxiaco
C20.08,Tlaxiaco
C20.08,Tlaxiaco
C20.07,Puerto Escondido-Zicatela
C20.07,Puerto Escondido-Zicatela
C20.09,Crucecita
C20.09,Crucecita
C20.09,Crucecita
C20.09,Crucecita
C20.03,Matías Romero Avendaño
C20.03,Matías Romero Avendaño
C20.03,Matías Romero Avendaño
C20.03,Matías Romero Avendaño
C20.03,Matías Romero Avendaño
P20.05,Santiago Pinotepa Nacional
P21.01,Acatlán de Osorio
C21.01,Acatzingo de Hidalgo
C21.01,Acatzingo de Hidalgo
C21.01,Acatzingo de Hidalgo
C21.02,Ciudad de Ajalpan
C21.02,Ciudad de Ajalpan
C21.02,Ciudad de Ajalpan
C21.03,Atempan
C21.04,Atlixco
C21.04,Atlixco
C21.04,Atlixco
C21.01,Acatzingo de Hidalgo
P21.02,Ciudad Serdán
C21.05,Atencingo-Chietla
C21.05,Atencingo-Chietla
C21.06,Ciudad de Chignahuapan
C21.06,Ciudad de Chignahuapan
C21.07,Huauchinango
C21.08,Nuevo Necaxa-Tenango
C21.07,Huauchinango
C21.08,Nuevo Necaxa-Tenango
C21.08,Nuevo Necaxa-Tenango
P21.03,Izúcar de Matamoros
C21.08,Nuevo Necaxa-Tenango
C21.08,Nuevo Necaxa-Tenango
P21.04,Ciudad de Libres
C21.10,Nopalucan de la Granja-Ciudad de Rafael Lara Grajales
C21.10,Nopalucan de la Granja-Ciudad de Rafael Lara Grajales
C21.10,Nopalucan de la Granja-Ciudad de Rafael Lara Grajales
C21.10,Nopalucan de la Granja-Ciudad de Rafael Lara Grajales
C21.10,Nopalucan de la Granja-Ciudad de Rafael Lara Grajales
C21.09,Palmarito Tochapan
C21.09,Palmarito Tochapan
C21.09,Palmarito Tochapan
C21.09,Palmarito Tochapan
C21.10,Nopalucan de la Granja-Ciudad de Rafael Lara Grajales
C21.01,Acatzingo de Hidalgo
C21.01,Acatzingo de Hidalgo
C21.01,Acatzingo de Hidalgo
C21.01,Acatzingo de Hidalgo
P21.05,San Salvador el Seco
C21.11,Tecamachalco
C21.11,Tecamachalco
C21.12,Tepeaca
C21.12,Tepeaca
C21.03,Atempan
C21.04,Atlixco
C21.08,Nuevo Necaxa-Tenango
C21.13,Xicotepec de Juárez
C21.13,Xicotepec de Juárez
C21.13,Xicotepec de Juárez
C30.08,Jalacingo-San Juan Xiutetelco
C30.08,Jalacingo-San Juan Xiutetelco
C30.08,Jalacingo-San Juan Xiutetelco
C30.08,Jalacingo-San Juan Xiutetelco
C30.08,Jalacingo-San Juan Xiutetelco
C30.08,Jalacingo-San Juan Xiutetelco
C30.08,Jalacingo-San Juan Xiutetelco
C30.08,Jalacingo-San Juan Xiutetelco
C30.08,Jalacingo-San Juan Xiutetelco
C21.03,Atempan
C21.03,Atempan
C21.14,Zacapoaxtla
C21.14,Zacapoaxtla
C21.14,Zacapoaxtla
C21.14,Zacapoaxtla
C21.14,Zacapoaxtla
C21.15,Zacatlán
C21.15,Zacatlán
C21.15,Zacatlán
P21.06,San Sebastián Zinacatepec
C22.01,San Juan del Río
C22.01,San Juan del Río
C22.02,Tequisquiapan
C22.02,Tequisquiapan
C22.02,Tequisquiapan
C22.02,Tequisquiapan
P23.01,Cozumel
P23.02,Felipe Carrillo Puerto
P23.03,Playa del Carmen
P23.04,Tulum
P24.01,Cárdenas
P24.02,Cerritos
P24.03,Ciudad Valles
P24.04,Ébano
P24.05,Matehuala
P24.06,Salinas de Hidalgo
C24.01,Tamazunchale
C24.01,Tamazunchale
C24.01,Tamazunchale
P24.07,Tamuín
C25.01,Los Mochis
C25.01,Los Mochis
C25.03,Juan José Ríos
C25.01,Los Mochis
C25.01,Los Mochis
P25.01,La Cruz
P25.02,Escuinapa de Hidalgo
C25.02,Guasave
C25.02,Guasave
P25.03,Gabriel Leyva Solano
C25.03,Juan José Ríos
C25.02,Guasave
C25.02,Guasave
C25.02,Guasave
P25.04,El Rosario
C25.04,Guamúchil
C25.04,Guamúchil
C25.05,Navolato
C25.05,Navolato
P25.05,Licenciado Benito Juárez
P26.01,Agua Prieta
P26.02,Caborca
C26.01,Ciudad Obregón
C26.02,Esperanza
C26.02,Esperanza
C26.01,Ciudad Obregón
C26.01,Ciudad Obregón
P26.03,Pueblo Yaqui
C26.01,Ciudad Obregón
C26.01,Ciudad Obregón
P26.04,Cananea
P26.05,Huatabampo
P26.06,Magdalena de Kino
P26.07,Navojoa
P26.08,Puerto Peñasco
P26.09,San Luis Río Colorado
P26.10,Sonoyta
P26.11,Villa Juárez
C27.01,Cárdenas
C27.01,Cárdenas
C27.01,Cárdenas
C27.01,Cárdenas
C27.01,Cárdenas
C27.01,Cárdenas
C27.01,Cárdenas
C27.01,Cárdenas
C27.01,Cárdenas
C27.01,Cárdenas
C27.01,Cárdenas
C27.01,Cárdenas
C27.02,Frontera
C27.02,Frontera
C27.03,Comalcalco
C27.03,Comalcalco
C27.03,Comalcalco
C27.03,Comalcalco
C27.04,Cunduacán
C27.04,Cunduacán
C27.04,Cunduacán
P27.01,Emiliano Zapata
P27.02,Huimanguillo
C27.01,Cárdenas
C27.05,Jalpa de Méndez
C27.05,Jalpa de Méndez
C27.05,Jalpa de Méndez
C27.06,Macuspana
C27.06,Macuspana
C27.07,Benito Juárez (San Carlos)
C27.07,Benito Juárez (San Carlos)
C27.07,Benito Juárez (San Carlos)
C27.07,Benito Juárez (San Carlos)
C27.08,Paraíso
C27.08,Paraíso
C27.08,Paraíso
P27.03,Teapa
P27.04,Tenosique de Pino Suárez
P28.01,Ciudad Mante
P28.02,Ciudad Miguel Alemán
P28.03,San Fernando
C28.01,Valle Hermoso
C28.01,Valle Hermoso
P29.01,Calpulalpan
P29.02,Villa de El Carmen Tequexquitla
C29.01,Huamantla
C29.01,Huamantla
P29.03,Tlaxco
P30.01,Altotonga
C30.01,Naranjos
C30.01,Naranjos
C30.02,José Cardel
P30.02,General Miguel Alemán
C30.09,Martínez de la Torre
C30.09,Martínez de la Torre
P30.03,Catemaco
C30.03,Cerro Azul
C30.04,Cosamaloapan-Carlos A. Carrillo
C30.05,Coscomatepec de Bravo
C30.05,Coscomatepec de Bravo
C30.06,Cuitláhuac
C30.06,Cuitláhuac
C30.06,Cuitláhuac
C30.06,Cuitláhuac
C30.06,Cuitláhuac
C13.03,Huejutla de Reyes
C13.03,Huejutla de Reyes
C30.01,Naranjos
C30.01,Naranjos
P30.04,Las Choapas
C30.07,Huatusco de Chicuellar
C30.07,Huatusco de Chicuellar
C30.07,Huatusco de Chicuellar
P30.05,Isla
C30.08,Jalacingo-San Juan Xiutetelco
C30.08,Jalacingo-San Juan Xiutetelco
P30.06,Juan Rodríguez Clara
P30.07,Lerdo de Tejada
C30.09,Martínez de la Torre
C30.09,Martínez de la Torre
C30.09,Martínez de la Torre
C30.09,Martínez de la Torre
C30.09,Martínez de la Torre
P30.08,Misantla
C30.10,Perote
C30.10,Perote
C30.02,José Cardel
C30.11,San Andrés Tuxtla
C30.11,San Andrés Tuxtla
C30.11,San Andrés Tuxtla
P30.09,Santiago Tuxtla
P30.10,Sayula de Alemán
C30.03,Cerro Azul
C30.12,Tantoyuca
C30.12,Tantoyuca
C30.12,Tantoyuca
C30.13,Álamo
C30.13,Álamo
C30.13,Álamo
C30.13,Álamo
C30.13,Álamo
P30.11,Tierra Blanca
C30.14,Tlapacoyan
C30.14,Tlapacoyan
C30.09,Martínez de la Torre
C30.15,Túxpam de Rodríguez Cano
C30.15,Túxpam de Rodríguez Cano
C30.15,Túxpam de Rodríguez Cano
C30.15,Túxpam de Rodríguez Cano
C30.15,Túxpam de Rodríguez Cano
C30.16,Agua Dulce
C30.16,Agua Dulce
C30.17,Tres Valles
C30.17,Tres Valles
C30.17,Tres Valles
C30.04,Cosamaloapan-Carlos A. Carrillo
P31.01,Chemax
P31.02,Izamal
C31.01,Motul de Carrillo Puerto
C31.01,Motul de Carrillo Puerto
P31.03,Oxkutzcab
P31.04,Peto
C31.02,Progreso
C31.02,Progreso
C31.02,Progreso
C31.02,Progreso
P31.05,Tekax de Álvaro Obregón
P31.06,Ticul
P31.07,Tizimín
P31.08,Valladolid
P32.01,Víctor Rosales
C32.01,Fresnillo
C32.01,Fresnillo
P32.02,Jerez de García Salinas
P32.03,Juan Aldama
P32.04,Loreto_ZS
P32.05,Miguel Auza
P32.06,Nochistlán de Mejía
P32.07,Ojocaliente
C32.02,Río Grande
C32.02,Río Grande
P32.08,Sombrerete
P32.09,Tlaltenango de Sánchez Román
C16.03,Ciudad Lázaro Cárdenas
